,Tweet ID,Tweet text,hashtags,Tweet created at,User ID
0,1529851444140167168,Sure Match: FBC Melgar-Cuiaba - 26.05.2022 Bet on #FBCMELGAR - 1.43  -  AMERICAS  -  #ConmebolCopaSudamericana https://t.co/nbXRRUgZLW MORE SURE MATCHES at https://t.co/K8j8iyKZMl,"FBCMELGAR,ConmebolCopaSudamericana",2022-05-26 15:46:22+00:00,23348385
1,1529851325797777411,"Nayi plugüîå
#BetCoza is Super excited for this year #ChampionsLeagueFinal game happening on Saturday &amp; therefore brings you a UCL competition.Stand a chance to WIN a DSTV Premium for a yearüôå
Place a bet of ü§ëR100ü§ëor more to be entered in the competition
https://t.co/CHwPqDxZqK https://t.co/6Jqickm0Jz","BetCoza,ChampionsLeagueFinal",2022-05-26 15:45:53+00:00,317124434
2,1529851191135436801,"Come play with jai my sweet wet friend üòò üíï  
#Á∑äÊÄ•Âú∞ÈúáÈÄüÂ†± #halalan2022 #eleksyon2022 #Kendrick #switchtoleni #pazartesi #monday #motivation #harden #jiho #jai #jaigaux #trustnoone #FYI #fyp #weed #england #soccer #vacation #diy #oddlysatisfying #germany #game #movie #LUFFY https://t.co/T2ZGGhWQxM","Á∑äÊÄ•Âú∞ÈúáÈÄüÂ†±,halalan2022,eleksyon2022,Kendrick,switchtoleni,pazartesi,monday,motivation,harden,jiho,jai,jaigaux,trustnoone,FYI,fyp,weed,england,soccer,vacation,diy,oddlysatisfying,germany,game,movie,LUFFY",2022-05-26 15:45:21+00:00,1476609104986652680
3,1529851068330680320,"Guys make sure your following @FootballExtra14 for all football news and content. They are lighting fast to all news, 

BIG ANNOUNCEMENT FOR THEM TO BE MADE TOMORROW 12AM AWST......

#Footballnews #TransferNews #football #PremierLeague #LaLiga #podcast #soccer","Footballnews,TransferNews,football,PremierLeague,LaLiga,podcast,soccer",2022-05-26 15:44:52+00:00,1466415909732507661
4,1529851022457376768,"More I watch the video of Duel Soccer, more excited I get for Version 1.üèüÔ∏è

What about you?üòé

Good days coming soon for Duelists!ü§∫

#DuelNetwork #NFT #P2E https://t.co/kd8b2ifK2a","DuelNetwork,NFT,P2E",2022-05-26 15:44:41+00:00,1413067748347949056
5,1529850802893950979,"Gary Smith had a lot to say about #LouCity last night, who in a lot of ways exemplify just how quickly and deeply soccer has developed in this part of the United States. 
https://t.co/zExAchasIy",LouCity,2022-05-26 15:43:49+00:00,466624357
6,1529850796199751680,"2022 Topps MLS Soccer...

RELEASE DATE: 06/01/22!

3 Relic or Autograph Cards Per Box!

Look for 25 Pitch Prodigies highlighting the top rookies in MLS!

#TheHobby #WhoDoYouCollect #TradingCards #Soccer #MLS #MLSCards #SoccerCards #Topps #ToppsSoccer https://t.co/97XKLgzN2z","TheHobby,WhoDoYouCollect,TradingCards,Soccer,MLS,MLSCards,SoccerCards,Topps,ToppsSoccer",2022-05-26 15:43:47+00:00,1415436743608729600
7,1529850783956512768,"Players call for limit on back-to-back games (BBC Sport)

Players and coaches are calling for a limit to the number of 'back-to-back' games to protect...

Add your highlights:
https://t.co/hLFZsYLbdo
 #FIFA #soccer","FIFA,soccer",2022-05-26 15:43:44+00:00,1043917837436358656
8,1529850755586351105,"The South Hills Catholic Academy Little Kickers soccer program wrapped up yesterday! Thank you so much to Coach Marshall for your time and dedication to our little ones! We are so blessed!

#southcatholic #saintsalive #classicalcurriculum #catholicschools #littlekickers https://t.co/FmZXaBiqjN","southcatholic,saintsalive,classicalcurriculum,catholicschools,littlekickers",2022-05-26 15:43:38+00:00,1270092582601863168
9,1529850711852437508,Are you surprised Canada Soccer cancelled next month‚Äôs #CanMNT friendly in Vancouver v Iran?,CanMNT,2022-05-26 15:43:27+00:00,1176555762283405313
10,1529850614120730624,https://t.co/ksrs7ITfCb Ottawa ‚Üí Canada-Iran soccer friendly at Vancouver's BC Place cancelled https://t.co/UpxaDv7aGM @OttawaNewsPulse üì∞ #Ottawa #Canada #news,"Ottawa,Canada,news",2022-05-26 15:43:04+00:00,1495518597426393092
11,1529850121336274945,"Happy #birthday üéÇ @djairdemiranda &amp; once more congratulations üëè to your @ileagueofficial title with @gokulam_kerala_fc. 

#IndianFootball #DjairGarcia #arunfoot #ILeague #GokulamKeralaFC #football #soccer #brazil #india https://t.co/iTch4ZZD3G","birthday,IndianFootball,DjairGarcia,arunfoot,ILeague,GokulamKeralaFC,football,soccer,brazil,india",2022-05-26 15:41:06+00:00,143245156
12,1529850120988004352,"Kaizer Chiefs: Well-connected journalist lists SEVEN players expected to leave

https://t.co/pwiLzZNcEr #thesouthafrican #pslnews #southafrica #football #soccer

https://t.co/GZD39xB7yG","thesouthafrican,pslnews,southafrica,football,soccer",2022-05-26 15:41:06+00:00,3129315737
13,1529849790871130113,"In May 2017, @CPLsoccer was approved and sanctioned by @CanadaSoccerEN.

Thank you, @CPLCavalryFC and @FCEdmontonNow, for bringing professional soccer back to our beautiful province!‚öΩÔ∏è 

#TBT #ThrowbackThursdays #AlbertaSoccer https://t.co/9Qhh01ahAq","TBT,ThrowbackThursdays,AlbertaSoccer",2022-05-26 15:39:48+00:00,540129136
14,1529849782889586690,"May 26th ‚öΩÔ∏è

üá®üá≠Super League Switzerland 

Schaffhausen Over 3 (-115) 2U

Was waiting for lineups to confirm for Leg 1. Home team has scored 41 goals in 18 home games. Road has 35 GA on road and is in higher league. 

At min, should see 2-1 I say 2-2.

#GamblingTwitter #soccer","GamblingTwitter,soccer",2022-05-26 15:39:46+00:00,1450626844789809162
15,1529849778103885826,"A scheduled friendly between the #Iran and #Canada national football teams has been cancelled after the match attracted widespread condemnation, particularly from the Association of Families of Flight 752 Victims, who said it was a ""slap in the face.""

https://t.co/T2aZrPUxrU","Iran,Canada",2022-05-26 15:39:44+00:00,1359370076
16,1529849752728354816,Our @TheAthleticSCCR news story on #CanMNT cancelling their friendly against Iran: https://t.co/gWtUjJQ7bk,CanMNT,2022-05-26 15:39:38+00:00,269224287
17,1529849591927029762,"Don‚Äôt miss out on spending some good time with real ballers. If u dream to play soccer in a foreign land, grab this opportunity. #CalcioTradeBall2022 https://t.co/fW2AlKD15Q",CalcioTradeBall2022,2022-05-26 15:39:00+00:00,1625585282
18,1529849526709800960,"Highlight 4‚É£

One of the bests goals of Gareth Bale on his entire carrer! The story changed after this art work üòç

Any flashback to your mind? üëÄ‚öΩÔ∏è

#UCLfinal #UCL #RealMadrid #Liverpool #Soccer #NFTCommunity #NFTGame #cryptocurrecy https://t.co/JS9IdGD1Mr","UCLfinal,UCL,RealMadrid,Liverpool,Soccer,NFTCommunity,NFTGame,cryptocurrecy",2022-05-26 15:38:45+00:00,59215881
19,1529849330839998464,"Day 5 of programing üë®‚Äçüíª:
I made a random soccer‚öΩ player generator with #javascript still don't know how to add or create #HTML text with javascript so i just used console.log() ü§∑
üíæ#Git #github 
link: https://t.co/tiymwDWDMX

#100daysofcodechallenge #100DaysOfCode #codeHive2022","javascript,HTML,Git,github,100daysofcodechallenge,100DaysOfCode,codeHive2022",2022-05-26 15:37:58+00:00,2250527916
20,1529849327291703296,"#Soccer
#U21 league (Algeria)
RC Relizane U21 - CR Belouizdad U21
#boylesports
info: https://t.co/mrZnliGfxq https://t.co/9juLJTEcdk","Soccer,U21,boylesports",2022-05-26 15:37:57+00:00,1382033346931392515
21,1529849313781854209,"You invest in yourself, in your talent, in your passion for the sport. 

Protect your investment. 
#customfit #protection #sportsguards #shinguards #soccer #sportsequipment #xoarmor #coverone https://t.co/HswEcA176G","customfit,protection,sportsguards,shinguards,soccer,sportsequipment,xoarmor,coverone",2022-05-26 15:37:54+00:00,1218369634027626497
22,1529849229711056896,"Another chance to PREDICT &amp; WIN in the Ghana Beach‚õ±Ô∏è Soccer‚öΩ FA Cup!

Stay active so you don't miss outüòé

#GBSFACup #BeachSoccer #Ghana #TECNOGhana https://t.co/X6TAsbG4rB","GBSFACup,BeachSoccer,Ghana,TECNOGhana",2022-05-26 15:37:34+00:00,1315919108
23,1529849226892656640,"Fight for your Legacy. Fight with your Legacy. 

#nogoalsagainst #ngasoccer #nga #Legacy #soccer #football #FIFA #UEFA #footballplayer #soccerball #footballtime #instafootball #lovefootball #goalkeeper #Portugal #goleiro #goakeepergloves #futebol #gktrai‚Ä¶ https://t.co/euwACTkmtk https://t.co/ElAK1HAi2M","nogoalsagainst,ngasoccer,nga,Legacy,soccer,football,FIFA,UEFA,footballplayer,soccerball,footballtime,instafootball,lovefootball,goalkeeper,Portugal,goleiro,goakeepergloves,futebol,gktrai",2022-05-26 15:37:33+00:00,2321101938
24,1529849112639819776,"Cristian Gutierrez‚Äôs goal came after Vancouver goalkeeper Cody Cropper had made a diving save to stop a shot from Cavalry‚Äôs Ali Musse. #CavalryFC #Whitecaps #yyc #MLS #CPL #Soccer
https://t.co/Z3X9QsqwwQ","CavalryFC,Whitecaps,yyc,MLS,CPL,Soccer",2022-05-26 15:37:06+00:00,221814012
25,1529849089071849474,"üö® Schedule Announcement üö®

Mark your calendars for a chance to see the Tribe in 2Ô∏è‚É£0Ô∏è‚É£2Ô∏è‚É£2Ô∏è‚É£. 

‚û°Ô∏è https://t.co/L0y5pMJLp2
üóì https://t.co/oK8hxLwGiF

#GoTribe https://t.co/F5aGgVAZyu",GoTribe,2022-05-26 15:37:00+00:00,2180634157
26,1529849067907555329,"mormon mom tiktok reddit,The new mom and TikToker has been called ""old-looking"" by many TikTok users. 
#momtiktok 
üëáüëá
https://t.co/9dEY85z4Io",momtiktok,2022-05-26 15:36:55+00:00,1487682512348459013
27,1529849030775283714,"Starter Women‚Äôs Soccer Pants, Exclusive, Black, Small, Black, Size Small jc0Y #eBayüá∫üá∏ #Women #Clothing #Activewear¬†#Pants https://t.co/yAbImkXC5L","eBay,Women,Clothing,Activewear,Pants",2022-05-26 15:36:46+00:00,1528706020217847810
28,1529849016124571648,"In other soccer news... Serbia u17 making quite the statement so far at #EUROU17 

Leading  Denmark 1-0 at HT in the QF https://t.co/RBvMNhYtE0",EUROU17,2022-05-26 15:36:43+00:00,37359926
29,1529848977717444608,"I love to play soccer but no one likes to play with me 
#USA #NATO https://t.co/8luILWbanf","USA,NATO",2022-05-26 15:36:34+00:00,1514166687880429573
30,1529848902425485313,"The lone Canadian player on the list is Jordyn Huitema at number 17. Not surprising that the majority of the players play in Europe given that most Canadians/Americans still do four years of NCAA soccer before turning pro. What do people think of the list?

#CanWNT #CanXNT https://t.co/IZUTmo3owH","CanWNT,CanXNT",2022-05-26 15:36:16+00:00,1517654237509001216
31,1529848779796520962,Good: Canada cancels June 5 exhibition vs Iran after criticism https://t.co/1UHssICmat #cdnpolitics,cdnpolitics,2022-05-26 15:35:46+00:00,4724003840
32,1529848712872206336,Typically only post soccer but here‚Äôs an NBA play I like tonight #PrizePicksNBA #prizepicks #GamblingTwitter https://t.co/4vqiHvC9s1,"PrizePicksNBA,prizepicks,GamblingTwitter",2022-05-26 15:35:31+00:00,3238475442
33,1529848693498728450,The soccer game between Canada and the Islamic republic has been canceled! This is the power of people. Congratulations to all who participated in advocating for what is right. We don‚Äôt want terrorists to come to our beloved #Canada ‚úåÔ∏èüôå‚¨áÔ∏è https://t.co/VuCeWWjtw8,Canada,2022-05-26 15:35:26+00:00,975007802883280897
34,1529848616998912002,"reddit tiktok drama,The splitting up of Tate and his wife: Because of the controversial nature of her relationship with Brayden Rowley, TikTok celebrity Taylor ...
#TikTok 
üëáüëá
https://t.co/A3bRB308Qi",TikTok,2022-05-26 15:35:08+00:00,1487682512348459013
35,1529848588867899392,Soccer Super League https://t.co/y7cBQStK0e #soccer #league #Football #33,"soccer,league,Football",2022-05-26 15:35:01+00:00,143350032
36,1529848576217522176,Seattle Reign FC Soccer Nike Stretch Shirt Women‚Äôs XL White/blue #eBayüá∫üá∏ #Women #Activewear¬†#Tops https://t.co/fnpNMH05w3,"eBay,Women,Activewear,Tops",2022-05-26 15:34:58+00:00,1478384513097023495
37,1529848546521907200,"I happy that every country showing their real faces 
#canada a country that is famous for freedom and not evolving politic to any topic 
We know football (soccer) is non political 
#iran #canada match cancelled for some shit political reason. thanks @JustinTrudeau, logical reason","canada,iran,canada",2022-05-26 15:34:51+00:00,1170071965031378945
38,1529848395556323332,"Back in my high school times, I enjoyed playing street soccer more than anything else. The desert boys @sc_kalele  can testify. 

On the 28th, I will be back to where it all started. #Tushume_ba_guy",Tushume_ba_guy,2022-05-26 15:34:15+00:00,1239118280314454016
39,1529848353399644161,"when you play soccer, try not to think in ur head, just move ur body as it will. #soccer",soccer,2022-05-26 15:34:05+00:00,248099435
40,1529848110154907650,#Football Rodman tops list of 21 best women players 21 or under https://t.co/ggBJ1T6DJm https://t.co/2wUh0xaMGX,Football,2022-05-26 15:33:07+00:00,1453309314974818311
41,1529848086272520192,Soccer mom and her boys #GenshinImpact #yelan https://t.co/VyfQBbfOBE,"GenshinImpact,yelan",2022-05-26 15:33:01+00:00,1229781610112798721
42,1529848053590532097,"Thank you @CanadaSoccerEN for standing on right side of history and supporting victims' families.
Viva #Canada! ‚úåÔ∏èüá®üá¶ #soccer #ps752justice https://t.co/0pLANdSVpe","Canada,soccer,ps752justice",2022-05-26 15:32:53+00:00,1393982149934657538
43,1529847850112151553,"The #CanMNT game against #Iran at BC Place has been cancelled amid criticism over the hosting the Iranian team. @CanadaSoccerEN @TheTorontoSun 
https://t.co/VJ361Z3rup","CanMNT,Iran",2022-05-26 15:32:05+00:00,196906152
44,1529847819141623813,"Hope Every Child who wanted to play football, played. Support our 'Footballfor Every Child' Charity #facup #fa #soccer #youth #fc #kids #child","facup,fa,soccer,youth,fc,kids,child",2022-05-26 15:31:57+00:00,1172421290
45,1529847715227652098,"Welcome Swan City FC to the 5v5 Tampa, FL ""Under The Lights"" (2012 Boys (5v5)) on Jun 4, 2022 #soccer #exposuresoccer https://t.co/ZAXYVNSOcv","soccer,exposuresoccer",2022-05-26 15:31:33+00:00,1266117454801010688
46,1529847675209801729,"@ApeSkyel Only today! Mr. Ballman #0670, the best soccer player for 0.004 ETH. https://t.co/Ygrulj7lFm
#business #games #art #football #nft #crypto #nftcollector #nftpromo #homevistiania https://t.co/9W5MO8XCvm","business,games,art,football,nft,crypto,nftcollector,nftpromo,homevistiania",2022-05-26 15:31:23+00:00,1479049791896174600
47,1529847523375972352,"The U17 Boys had a strong game with the visiting Forge.  The U17B have improved to a 2-0 to start the #PSL2022 Season.  

#FCR #FCRegina #SKsoccer #yqrsports #soccer https://t.co/Jximp14su9","PSL2022,FCR,FCRegina,SKsoccer,yqrsports,soccer",2022-05-26 15:30:47+00:00,3300931258
48,1529847432850317315,Soccer Mommy ‚Äî Shotgun #WNRNradio https://t.co/ccGEaZHpNU,WNRNradio,2022-05-26 15:30:25+00:00,1543633008
49,1529847418367483904,"Tottenham to trigger ¬£40m Cristian Romero buy clause!
-
https://t.co/LpiPowlZuQ
-
-
-
#tottenham #cristianromero #soccer #soccergame #soccerball #soccerlife #SoccerPlayer #premierleague #futpost #soccerpractice #arsenal https://t.co/Si2FSabc2d","tottenham,cristianromero,soccer,soccergame,soccerball,soccerlife,SoccerPlayer,premierleague,futpost,soccerpractice,arsenal",2022-05-26 15:30:22+00:00,1013394231791009792
50,1529847331847393280,"One year ago today, in 2021: Soccer: Villarreal win the Europa League after beating Manchester United 11-10 on penalties. #onthisday  https://t.co/0gb7jNtwxr",onthisday,2022-05-26 15:30:01+00:00,4714520842
51,1529847313765638147,"Congratulations to the following athletes on their selection to the 2022 7A All State Soccer Team! 

#GoFalcons | #TalonsUp https://t.co/viCWfKW36V","GoFalcons,TalonsUp",2022-05-26 15:29:57+00:00,826858117354946564
52,1529847276960628743,"Man, it feels a little wrong to talk soccer today, but my escape and I hope some of yours, too.

This is your #USOC + @MLS Wk 14 @Extratime mailbag thread. What do you have for @CharlieDavies9, @empiregass and myself?",USOC,2022-05-26 15:29:48+00:00,48440127
53,1529847176276463622,They better Put 2 On You right now. 2 is 1 and 1 is none. @tayvongray4 your a chemist with the soccer ball. #FootWork @Ripvirgil2022 https://t.co/w94lTldhXD,FootWork,2022-05-26 15:29:24+00:00,1014361480748306432
54,1529847154440916994,"#MUFC He knows the player well from his time at RB Leipzig and was involved in the operation that saw the German club sign Nkunku from Paris Saint-Germain in the summer of 2019.

Continue reading at https://t.co/GfepFmvjeL | 10z Soccer",MUFC,2022-05-26 15:29:19+00:00,216414228
55,1529847027760504832,"soccer boy
#ÂéüÁ•û #GenshinImpact #Heizou https://t.co/QMh0nWpiNd","ÂéüÁ•û,GenshinImpact,Heizou",2022-05-26 15:28:49+00:00,1434726447973748740
56,1529846860931813377,"Absolute bullshit that @JustinTrudeau has caused the exhibition game between Iran and Canada to be cancelled. You are punishing these soccer players for crimes of their government, which they do not condone. Shame on u 4 turning a friendly game into a political scandal #Trudeau",Trudeau,2022-05-26 15:28:09+00:00,102491202
57,1529846795710382080,"Share the #Best #sports content
Download the Best #app : https://t.co/29sgyGIwF8 
#olympiquedemarseille #om #chaine #marseille #football #soccer #f√∫tbol #videoom #but #goal #gol #compilation #golazo  https://t.co/x9KxiLzUS8 https://t.co/XbhiYUODMr","Best,sports,app,olympiquedemarseille,om,chaine,marseille,football,soccer,f√∫tbol,videoom,but,goal,gol,compilation,golazo",2022-05-26 15:27:53+00:00,1112875661138579456
58,1529846794187857925,"Share the #Best #sports content
Download the Best #app : https://t.co/29sgyGIwF8 
#olympiquedemarseille #om #chaine #marseille #football #soccer #f√∫tbol #videoom #but #goal #gol #compilation #golazo  https://t.co/zH6WR473mS https://t.co/AjxDi4Mfkn","Best,sports,app,olympiquedemarseille,om,chaine,marseille,football,soccer,f√∫tbol,videoom,but,goal,gol,compilation,golazo",2022-05-26 15:27:53+00:00,1112875661138579456
59,1529846742673399811,"Get introduced to our world of Virtual games 

Bet on Virtual Soccer, Instant Greyhounds, Golden Race and more..

Play Here ‚û°Ô∏è https://t.co/YSD6Ni1Jl6

#WeSpeakYourGame https://t.co/lPSDp87b5N",WeSpeakYourGame,2022-05-26 15:27:41+00:00,1286246388905517058
60,1529846740316217346,"Looking for a couple of crazies that love soccer in the rain ‚öΩÔ∏èüåßÔ∏è

Pickup tonight at Dick's House of Sport: https://t.co/wrMEbpW4Jh

#TOOK
#footy https://t.co/W1TqsoJQqF","TOOK,footy",2022-05-26 15:27:40+00:00,1334147532658798597
61,1529846738915405825,"Corner Talks Clip - THE BEAUTIFUL GAME - Robert D'Amario https://t.co/ZKwmbXNOTl via @YouTube Robert D‚ÄôAmario, star of my short film called BEAUTIFUL, discusses why the simple sport of soccer is universally regarded as ""The Beautiful Game.""
#podcast #soccer #film https://t.co/DdfdPz7Nrc","podcast,soccer,film",2022-05-26 15:27:40+00:00,1212887014774734849
62,1529846734603493376,"Profiles: Chiefs and Pirates player targets to watch in the playoffs

https://t.co/OwZp4UKTsE #thesouthafrican #pslnews #southafrica #football #soccer

https://t.co/KLSXwAqjdm","thesouthafrican,pslnews,southafrica,football,soccer",2022-05-26 15:27:39+00:00,3129315737
63,1529846693658775552,"Download the Best #app to share your #Best #sports content: https://t.co/3LwU9b70mg 
#olympiquedemarseille #om #chaine #marseille #football #soccer #f√∫tbol #videoom #but #goal #gol #compilation #golazo  https://t.co/jE6JNYSkhP https://t.co/6ClXdHCImP","app,Best,sports,olympiquedemarseille,om,chaine,marseille,football,soccer,f√∫tbol,videoom,but,goal,gol,compilation,golazo",2022-05-26 15:27:29+00:00,2300501173
64,1529846632904368128,"‚öΩÔ∏èüí• HUGE NEWS üí•‚öΩÔ∏è

We will be providing the game day music for the all-new @MNAuroraFC! 

Our top notch female DJs are READY to ROCK TCO Stadium for this groundbreaking Womens Pro Soccer Team. 

Tonight‚Äôs Home Opener is SOLD OUT!!! DJ Izzie P is on the turntables!

#WeAreAurora https://t.co/YJavecharh",WeAreAurora,2022-05-26 15:27:15+00:00,205390244
65,1529846587232555013,"#Canada Soccer cancels a friendly match between the men‚Äôs national team and #Iran in June, the national governing body says, following widespread opposition to the fixture.

https://t.co/ddIsB4C4lf","Canada,Iran",2022-05-26 15:27:04+00:00,22240612
66,1529846484371443714,"@Yfm @cocacolasa I love the opportunities that soccer provides, especially for youth, health, self esteem, friendships and most importantly, a passion for life. It is more than a sport, it's a lifestyle.
#BelieveInMagic @Yfm https://t.co/wQGJxdslbC",BelieveInMagic,2022-05-26 15:26:39+00:00,963817023213056000
67,1529846350522855426,"Legit-tearing up reading through posts. Ya'll did this! It's so wildly impressive. It's been 30 years since childhood times on a soccer field for me so the rules are fuzzy, strategies I don't know but I am stoked to rep @MNAuroraFC LOVE &amp; continue to #GrowTheGame.

#LightTheNorth https://t.co/CDlkSxtP5C","GrowTheGame,LightTheNorth",2022-05-26 15:26:07+00:00,243879458
68,1529846317257744385,"The international match which was scheduled for June 5 has cancelled, drew the scorn of the families of those who died aboard Flight PS752 when the Islamic Revolutionary Guard Corps (IRGC) shot down the plane in 2020.
#Iran
#DisbandIRGC 
#CanceldTheGame

 https://t.co/ZKSi0YSOfd","Iran,DisbandIRGC,CanceldTheGame",2022-05-26 15:25:59+00:00,2459820090
69,1529846296554659840,"@Yfm @cocacolasa I love the opportunities that soccer provides, especially for youth, health, self esteem, friendships and most importantly, a passion for life. It is more than a sport, it's a lifestyle.
#BelieveInMagic @Yfm https://t.co/p8yMaaWwvK",BelieveInMagic,2022-05-26 15:25:54+00:00,963817023213056000
70,1529846287851393025,Another Sunday Brunch with some phenomenal soccer? I think yes! Cheer on #WaveFC in San Diego at Bluefoot starting at 11:30am PT. https://t.co/CNyrlFqy1L,WaveFC,2022-05-26 15:25:52+00:00,1397376608579817473
71,1529846099065810945,"WAGs steal the show on soccer's night of nights at 2022 Dolan Warren Awards - https://t.co/TwcA2t0Cwo

#News https://t.co/Z5JCei66CW",News,2022-05-26 15:25:07+00:00,1601359999
72,1529846095613792257,"WAGs steal the show on soccer's night of nights at 2022 Dolan Warren Awards - https://t.co/KuVXHVN0bH

#News https://t.co/i295cCxfkf",News,2022-05-26 15:25:07+00:00,124640597
73,1529845553210830849,Fans in hysterics as #Chelsea win 'best reputation award' despite government sanctions https://t.co/Hfr7NZJlWo,Chelsea,2022-05-26 15:22:57+00:00,216414228
74,1529845407290753024,Check out this listing I just added to my #Poshmark closet: Adidas Boys Soccer Shirt. https://t.co/cJ7QJetLOl #shopmycloset @poshmarkapp,"Poshmark,shopmycloset",2022-05-26 15:22:22+00:00,1334657782495080450
75,1529845323832623108,The time for the Fall Girls Junior Varsity Soccer event scheduled for 09/10/2022 has changed. Go to https://t.co/3zkICr9SZf for more details and to follow your favorite teams! Post sponsored by CollegeAdvisor #CollegeAdvisor https://t.co/hQWMAigya0,CollegeAdvisor,2022-05-26 15:22:03+00:00,1883688373
76,1529845321991442432,The time for the Fall Girls Varsity Soccer event scheduled for 09/10/2022 has changed. Go to https://t.co/G6wJAeyi4k for more details and to follow your favorite teams! Post sponsored by CollegeAdvisor #CollegeAdvisor https://t.co/hQWMAigya0,CollegeAdvisor,2022-05-26 15:22:02+00:00,1883688373
77,1529845309253165058,"BECOME AN OWNER!  $15,523 away from the $50K needed. Come join our club ownership as we bring pro soccer to wine country! 

Invest and become part owner: https://t.co/gw0C1E6y9o

Legal Disclosure: https://t.co/RRQj4aghfp

#temeculafc #temecula #quailsfc #quails https://t.co/K3zTAKPcWC","temeculafc,temecula,quailsfc,quails",2022-05-26 15:21:59+00:00,2163932538
78,1529845290114629632,"Why is #FIFA allowing countries to play with everyone else when they don‚Äôt even plat Football?

They play soccer on carpet fields. Different sport!",FIFA,2022-05-26 15:21:54+00:00,1337309679987421184
79,1529845264621527045,"""We're seeing humor talk around topics like the NBA and NFL but more serious talk about NHL and Soccer within TikTok.""

- @mike_baglietto during our #NetBaseQuidWebinar with @MarketingWeekEd on how to ""Unlock the power of #TikTok for your social strategy."" https://t.co/pk9XyUyrcd https://t.co/RJKOilNnZu","NetBaseQuidWebinar,TikTok",2022-05-26 15:21:48+00:00,39596342
80,1529845224188567552,"üíØ Enjoy Fantastic Odds and Various Market Options On NaijaBet Virtuals!

‚òëSoccer
‚òëCar Race
‚òëDog Race
‚òëHorse Race
‚òëTable Tennis
‚û°Win and Withdraw Every 3 Mins
‚û°If 1 game cut, NaijaBet will pay you X2 your stake.

Get involved ‚û°https://t.co/WWNL6y5yla

#NaijaBetVirtuals https://t.co/qsCytYgwRT",NaijaBetVirtuals,2022-05-26 15:21:39+00:00,1506248611411251209
81,1529845155334762501,"It's regional final gameday as 8 local soccer teams look to punch their ticket to the State Tournament. #iahssoc

Here's a look at all of tonight's game courtesy of @Bound_IA. 

@ACHSJagsSoccer https://t.co/fMYLARkO45",iahssoc,2022-05-26 15:21:22+00:00,66794719
82,1529845094752337921,#Football Goalkeeper suffers embarrassing gaffe as he celebrates penalty miss - before it goes in https://t.co/ZTusauBnyP https://t.co/g8ZmokihnJ,Football,2022-05-26 15:21:08+00:00,1453309314974818311
83,1529845044655554561,"@Yfm @cocacolasa I am a soccer lover üíéüíéüíéüíé
 #BelievingIsMagic https://t.co/vSrFuiQZk4",BelievingIsMagic,2022-05-26 15:20:56+00:00,1169983025637199872
84,1529845011189100544,"Has to be over....
Right? #UnderdogFantasy #prizepick #soccer #UCL #UCLfinal https://t.co/qaVPeGj5TP https://t.co/PCVf7TjWYg","UnderdogFantasy,prizepick,soccer,UCL,UCLfinal",2022-05-26 15:20:48+00:00,1222228667020918784
85,1529844913562652673,"@Yfm @cocacolasa I am a soccer lover üíéüíéüíéüíé
 #BelievingIsMagic https://t.co/EzSNtbFr42",BelievingIsMagic,2022-05-26 15:20:25+00:00,1169983025637199872
86,1529844891693436928,"Congrats to my Iranian-Canadian compatriots @ps752justice who bravely protested &amp; denounced Ayatollah regime's upcoming soccer match in Canada! When you raise your voices against brutal murders of this evil regime on flight #PS752, you achieve success. #No2IR https://t.co/mWrasHdJsM","PS752,No2IR",2022-05-26 15:20:19+00:00,592122714
87,1529844870730469376,Today 24 Iowa high school girls soccer teams qualify for the state tournament next week.  Good luck to all teams taking the field tonight looking to advance to state! #iahssoc,iahssoc,2022-05-26 15:20:14+00:00,1498399975562264579
88,1529844864371855360,"@Yfm @cocacolasa I am a soccer lover üíéüíéüíéüíéüíé
 #BelievingIsMagic https://t.co/e5PBcgZZP5",BelievingIsMagic,2022-05-26 15:20:13+00:00,1169983025637199872
89,1529844841559080966,Aasane VS Grorud (05/26) Both to score For tip click here: https://t.co/A7O16wFS7U #FreeTips #Soccer #qwerty08,"FreeTips,Soccer,qwerty08",2022-05-26 15:20:08+00:00,3439233773
90,1529844815847993345,"@Yfm @cocacolasa I am a soccer lover üíéüíéüíéüíéüíé
 #BelievingIsMagic https://t.co/xURQPvEHyk",BelievingIsMagic,2022-05-26 15:20:01+00:00,1169983025637199872
91,1529844763691732994,"@Yfm @cocacolasa I am a soccer lover üíéüíéüíéüíéüíé
 #BelievingIsMagic https://t.co/2FLnP3T8az",BelievingIsMagic,2022-05-26 15:19:49+00:00,1169983025637199872
92,1529844508506181642,"@D_thevoice @CanadaSoccerEN Have you heard about #PS752?
Wouldn you still say such a thing if (god forbid) your family was killed by that government soccer team?",PS752,2022-05-26 15:18:48+00:00,877925246
93,1529844437353897988,"WHO YOU GOT???
@MSHSAAOrg Class 4 Girls Soccer State Quarterfinals (5/28/22)-
St Theresa's Academy (14-8) vs. Liberty North (20-0)
@ Liberty North H.S. - 6:00 PM
#whoyougot @STAsports @LNEagleNews @scoreboardguy",whoyougot,2022-05-26 15:18:31+00:00,1383783077890039812
94,1529844331162525696,"https://t.co/liRvsbVm11

Our final episode of the season!
We had so much fun covering this EPL season. It was definitely one to remember. Thank you to everyone who had tuned in and spent time listening to us. 
#ManCity #ManchesterCity #EPL #soccer #liverpool #ChampionsLeague https://t.co/4tkCXZZ0fB","ManCity,ManchesterCity,EPL,soccer,liverpool,ChampionsLeague",2022-05-26 15:18:06+00:00,1354488694510596096
95,1529844330831171585,"Portia Modise says SAFA eats all the football money .. theres no longer proper development for young kids in soccer 
.
 
.
.
.
.
.
.
#podcastandchillwithmacg   Khune Chiefs Steers Brian Molefe Malema Bafana Bafana Burger King 10111 #PodcastAndChill https://t.co/Y4LhtpIuT3","podcastandchillwithmacg,PodcastAndChill",2022-05-26 15:18:06+00:00,1360765915651014662
96,1529844317996650501,Shiny Soccer! #HitItFirst 2021-22 Panini Mosaic Premier League Soccer - Dual Box BOGO Tiered - 10 Spots - 2 Teams/Spot https://t.co/ScOxy5sHFG https://t.co/8quL4WQ5XV,HitItFirst,2022-05-26 15:18:03+00:00,2718549421
97,1529844257984499712,"üö®üëÄ Here we go! Looks like this ""Ultra"" is supporting England in the @FIFAWorldCup

Tattoos, pint of lager. Yep he's an England fan alright! ü¶Åü¶Åü¶Å

What traits will your Ultra have I wonder... 

#avax $avax #AvaxUltras #football #soccer #ultra #ultras https://t.co/71DNskQ1Cm","avax,AvaxUltras,football,soccer,ultra,ultras",2022-05-26 15:17:48+00:00,1474345504293199880
98,1529844253396017154,"@CanadaSoccerEN Glad that you retracted the invitation. As a Canadian we care about our fellow Canadians and we dont want dictatorship minions playing soccer in our land under a ""friendly"" match.
#ps752justice",ps752justice,2022-05-26 15:17:47+00:00,824008369455382528
99,1529844239122710530,Meet THE JR. SCORES BEARS üêª SOCCER ‚öΩÔ∏è TEAM!!! It was their end of the season Jamboree! They played 2 mini games and WON! Thank you to our COACH SHAY and COACH SHANICE for your HARD-WORK!!!  @barnardsoccer @dc_scores #soccer @dcpublicschools https://t.co/fbRnkIAHWd,soccer,2022-05-26 15:17:44+00:00,3892986257
